first_name,middle_name,surname,sex
Alex,David,Zuniga,M
Catherine,Garrett,Smith,F
Jaclyn,Edward,Morton,F
James,Paul,Rojas,M
Charles,Richard,Flores,M
Jill,Daniel,Rodriguez,F
Elizabeth,Derek,Mcclure,F
Alexa,Fernando,White,F
Jessica,David,Ross,F
Ricky,Jeffrey,Brown,M
Veronica,Ricardo,Rodriguez,F
Stephanie,Jeffrey,Smith,F
Jonathan,Russell,Rodriguez,M
William,Robert,Barnett,M
Suzanne,Stephen,Mcclure,F
Peter,Timothy,Jimenez,M
Micheal,Nicholas,Jackson,M
Daniel,Justin,Young,M
Curtis,Paul,Marks,M
Christopher,Dennis,Bailey,M
Dwayne,Robert,Harris,M
Brooke,Eric,West,F
Kenneth,Harry,Terry,M
Ronald,Michael,Greer,M
Jeffery,John,Smith,M
Jeff,John,Atkinson,M
Benjamin,Eric,Farrell,M
Erica,Kenneth,Dillon,F
Ronnie,Dennis,Allen,M
Timothy,Charles,Wilcox,M
David,Bradley,Smith,M
Kaitlin,Jacob,Baird,F
Veronica,Richard,Calderon,F
Veronica,Christopher,Davila,F
Melissa,Kerry,Perez,F
Laurie,John,Sullivan,F
Karen,Carl,Adams,F
Cory,Jason,Black,M
Mallory,Isaiah,Fernandez,F
Hannah,Jorge,Stout,F
Justin,Frederick,Hardin,M
Robert,Timothy,Hudson,M
Jaime,Joel,Miller,M
Tracy,Martin,Fernandez,F
Thomas,Thomas,Barnett,M
Curtis,Michael,Butler,M
Joseph,Dennis,Walker,M
Caroline,Phillip,Delgado,F
Sean,Steve,Arnold,M
David,Hunter,Ortiz,M
Rebecca,Tracy,Hall,F
Kevin,Nicholas,Johnson,M
Patrick,Charles,Robbins,M
Robert,Bruce,Diaz,M
Greg,David,Sullivan,M
Pamela,Jonathan,Blake,F
Christopher,James,Spencer,M
Jonathan,Kyle,Sheppard,M
Emily,Phillip,Griffin,F
Jamie,Ricardo,Keller,F
Kevin,Jason,Good,M
Crystal,James,Silva,F
Andrea,James,Maldonado,F
James,Jonathan,Wilson,M
Crystal,Brian,Page,F
Anthony,Stanley,Rivas,M
Donna,Isaac,Collins,F
Colton,Scott,Cooper,M
Nicole,John,Church,F
Brandon,Cody,Thompson,M
Juan,Bradley,Jacobson,M
Kelly,Daniel,Johnson,F
Sarah,Robert,Cooper,F
David,David,Nunez,M
Christina,Brett,Turner,F
Cassidy,Kyle,Dawson,F
Brianna,James,Small,F
Richard,Austin,Murphy,M
Marissa,Mark,Cooper,F
Dennis,Kevin,Patel,M
